{
  "fazenda_id": "fazenda_rio_verde_001",
  "area_ha": 600,
  "n_amostras": 120,
  "soc_medio_pct": 2.42955,
  "soc_stock_tc_ha": 9.474048000000002,
  "co2e_ha": 34.738176,
  "delta_co2e_ha": 4.291100000000004,
  "creditos_brutos": 2574.660000000002,
  "creditos_certificados": 2059.728000000002,
  "buffer_retido": 308.9592000000003,
  "creditos_vendaveis": 1750.7688000000016,
  "receita_usd": 26261.532000000025,
  "desconto_incerteza": 0.2,
  "buffer_pct": 0.15
}